,en,zh
RAT_KING,Rat King,鼠王
MISER,Miser,吝啬鬼
DICE,Dice,骰子
COOKER,Cooker,高压锅
THE_DESPISED,The Despised,被厌恶者
SPECIMEN,Specimen,标本
CURSE_FIEND,Curse Fiend,咒魔
MAIN_SERVER,Main Server,主服务器
STEVE,Steve,史蒂夫
THE_GLITCH,The Glitch,漏洞
CREEPER,Creeper,苦力怕
THE_ANGLER,The Angler,钓鱼佬
SPEED_RUNNER,Speed Runner,速通者
CRATE_GOBBLER,Crate Gobbler,箱子吞吞怪
WEAPON_KEY,Key,钥匙
EFFECT_TWO_HAND_WEAPON_SLOT_LIMIT,Only has two hands (so can only hold two weapons),只有两只手所以只拿两个武器
ITEM_RAT_KING_RATZILLA,Rat Subject,鼠族臣民
EFFECT_RATZILLA_KILLER_BOSS_TEXT,Ratzilla targets and attacks bosses,鼠斯拉会锁定并攻击 boss
EFFECT_RATZILLA_BOX_TEXT,Ratzilla stays closer to its target,鼠斯拉会更加贴近目标
WEAPON_CLASS_DICE,Dice,骰子
SIX_SIDED_GUN,Six Sided Gun,六面枪
EFFECT_RANDOM_PROJECTILES_TEXT,Every 10th shot fires 1-6 projectiles of 6 random bullet types (Projectile traits scale with weapon tier),每射击10次随机1至6弹丸数并且弹丸从6种子弹类型中随机（子弹特性会随武器提升）
EFFECT_RANDOM_COOLDOWN_DAMAGE_TEXT,More projectiles increase shooting cooldown and reduce damage (Damage / Projectiles),弹丸数越多射击伤害冷却越慢，越多伤害越低（伤害 /弹丸数）
EFFECT_GIN_RANDOM_KILLED_STAT,Gain {1} to {2} {3} for every {0} enemies killed with this weapon during a wave,使用该武器在敌袭中每击杀{2}名敌人便会{3}至{4}{1}
EFFECT_ADD_CHANCE_DEAL_DMG_WHEN_PICKUP_GOLD,{0} ({1}) chance to deal {2} ({3}) damage to a random enemy when picking up a material,拾取材料时有{0}（{1}）概率对随机1名敌人造成{2} （{3}） 伤害
EFFECT_ADD_CHANCE_DEAL_DMG_WHEN_DEATH,{0} ({1}) chance to deal {2} ({3}) damage to a random enemy when an enemy dies,敌人死亡时有{0} ({1}) 概率对随机1名敌人造成{2} ({3}) 伤害
LEVELS,levels,等级
EFFECT_ADD_STAT_CAP,{2} has a cap +{3} {2} cap for every {1} {0} [{4}],"{2}存在上限，每{1}{0}增加{3}{2}上限 [{4}]"  
EFFECT_RANDOM_STAT_ON_LEVEL_UP_NO_ZERO,{0} to {1} {2} on level up (excluding 0),升级时有{0}至{1}{2}(不包含0)
EFFECT_RANDOM_STAT_ON_LEVEL_UP_FROM_GAIN_NO_ZERO,On level up gain {0} to {1} {2} (excluding 0) effect increases for every {4} {3} [{5}],"升级时有{0}至{1}{2}（不包含0，每{4}{3}效果升级 [{5}]"
EFFECT_RANDOM_STAT_ON_LEVEL_UP,{0} to {1} {2} on level up,升级时有{0}至{1}{2}
EFFECT_ADD_STAT_AFTER_REMOVE_CHANGE,{3} {2} permanently for every {1} {0} lost [{5}],每损失{1}{0}时永久增加{3}{2} [{5}]
EFFECT_ADD_GAIN_STAT_AFTER_REMOVE_CHANGE,{1} {0} grants +{2} Modification Increase {3} permanently [{5}],每损失{1}{0}时永久增加{2}的修改增加{3} [{5}]
EFFECT_ADD_GAIN_STAT_AFTER_REMOVE_CHANGE_WAVE_MAX,{1} {0} grants +{2} Modification Increase {3} permanently (Max {4} per wave) [{5}],"每损失{1}{0}时永久增加{2}的修改增加{3}，每波上限{4} [{5}]"
EFFECT_RANDOM_SHOP_ITEM_COUNT_PRICE,-0 to 3 items in the shop upon entering,"商店道具数随机减少{1}至{2}每减少一个道具剩余的道具{3}道具价格，但是可锁定道具上限为{4}"
EFFECT_GOLD_LOW_SET_STAT_SHOP,"When lacking materials, use {1} substitute materials to purchase items ({1} replaces {0} materials)",材料不足时使用{1}替代材料购买道具（{1}替代{0}材料）
EFFECT_THE_DESPISED_NO_SHOP,"Everyone hates you, so the shop will be empty",你被所有人厌恶商店不会有任何物品
EFFECT_CAN_ALL_DROP_BOX,"All fruit drop as Crates, with a {0} ({1}) chance to drop as Red Crates",所有果子全部掉落为箱子有{0}（{1}）概率掉落为红箱子
EFFECT_WAVE_END_COST_GOLD_GET_STAT_OR_WEAPON,"Picking up a Crate costs {0} Materials (only heals if lacking Materials). Material cost scales with waves. When weapons can no longer be upgraded, acquiring weapons grants {1} random stat instead",每次捡起箱子需花费{0}材料获取箱子（材料不足时只回复）并且获取武器全部无法提升后随机获取{1}属性，花费材料随波次膨胀
EFFECT_WAVE_END_NOT_PICK_CONSUMABLE,Consumables are not automatically picked up at the end of a wave,波次结束时不会自动捡起消耗品
EFFECT_CONSUMABLE_STAT,"{0}{1} when picking up a consumable",捡起一个消耗品时{0}{1}
EFFECT_RICE,Fruit Pilaf,水果焖饭
EFFECT_PICKE_CONSUMABLE_DROP_STRUCTURE_GAIN,"When picking up a consumable, spawns {0} (+{2}) {3} dealing {4} ({5}) damage in an area",当捡起消耗品时产生{0}（{2}）个{3}，对一块区域造成{4}（{5}）伤害
EFFECT_STAT_STOP,"Buy items with {1} instead of materials ({1} replaces {0} materials)",使用{1}替代材料购买道具（{1}替代{0}材料）
EFFECT_STAT_HIT_PROTECTION,"+1 hit protection for every {0} {1} [{2}]",每持有{0}点{1}获取一次抵消伤害的机会 [{2}]
EFFECT_REGEN_HIT_PROTECTION,"{0} ({2}) chance to recover 1 Hit Protection every {1} seconds",每{1}秒有{0}（{2}）概率回复一次抵消伤害的机会
EFFECT_TEMP_ON_HIT_PROTECTION,"{0} {1} when negating damage until the end of the wave","抵消伤害一次伤害时{0}{1}，直至敌袭结束"
EFFECT_APPLY_ITEM_REVERSAL,"When picking up an item, removes {1}. Effects are inverted",获取道具时将扣除{1}的效果改为增加{1}
EFFECT_STATS_BUY_ITEM,"When purchasing substitute materials, gain {0}{1}",替代材料购买时增加{0}{1}
EFFECT_TURRET_PRIORITY_ATTACK_HIGHEST_HP,"Structures prioritize attacking the target with the highest health within range",构筑物优先攻击范围内生命值最高的目标
EFFECT_STRUCTURE_ADD_RANGE,"Structure attack range is modified by {1}",构筑物攻击范围将受到{1}加成
EFFECT_TURRET_COPY,"Structures have a {0} ({2}) chance to copy themselves upon killing a target",构筑物击杀锁定目标后有 {0}（{2}）概率复制自身
WOOD_PICKAXE,Wood PickAxe,木镐
EFFECT_WOOD_CAN_DROP_ITEM,Can mine stone,可以挖掘石头
EFFECT_MINECRAFT,Generating world,世界生成中
ITEM_OAK_LOG,Oak Log,橡树原木
ITEM_COBBLESTONE,Cobblestone,圆石
ITEM_STICK,Stick,木棍
STONE_PICKAXE,Stone Pickaxe,石镐
EFFECT_STONE_CAN_DROP_ITEM,"Can mine stone, iron ore, lapis lazuli, emerald",可以挖掘石头，铁矿，青金石，绿宝石
ITEM_IRON_INGOT,Iron Ingot,铁锭
IRON_PICKAXE,Iron Pickaxe,铁镐
EFFECT_IRON_CAN_DROP_ITEM,"Can mine stone, iron ore, lapis lazuli, emerald, diamond",可以挖掘石头，铁矿，青金石，绿宝石，钻石
ITEM_DIAMOND,Diamond,钻石
DIAMOND_PICKAXE,Diamond Pickaxe,钻镐
EFFECT_DIAMOND_CAN_DROP_ITEM,"Can mine stone, iron ore, lapis lazuli, emerald, diamond, obsidian",可以挖掘石头，铁矿，青金石，绿宝石，钻石，黑曜石
ITEM_OBSIDIAN,Obsidian,黑曜石
ITEM_ENCHANTING_TABLE,Enchanting Table,附魔台
EFFECT_RANDOM_CURSE_NEED_ITEM,"When entering the shop, consumes level {2} and {0} {1} to randomly curse items and weapons until level and {1} are depleted",进入商店时消耗{2}级与{0}{1}随机诅咒道具与武器至等级与{1}消尽
ITEM_LAPIS_LAZULI,Lapis Lazuli,青金石
EFFECT_LAPIS_LAZULI_CAN_USE,"Seems to be used for enhancing something?",好像可以用来强化什么？
ITEM_EMERALD,Emerald,绿宝石
EFFECT_EMERALD_CAN_USE,"If you find a villager, seems to be usable for trading?",找到村民的话，好像可以用来换点什么？
EFFECT_ITEM_MERGE,"{0} of this item and {2} {1} might be used for something?",{0}个此道具跟{2}个{1}可能可以用点什么东西？
EFFECT_ITEM_MERGE_ONE_FROM,"{0} of this item might be used to craft something?",{0}个此道具可能可以做点什么东西？
EFFECT_APPLY_ITEM_ALL_SATAS_REVERSAL,"When acquiring an item, all effects that decrease primary stats increase them instead",获取道具时将所有扣除主要属性的效果改为增加主要属性
EFFECT_APPLY_NOT_LOSE_HP,"When acquiring an item, ignore effects that cause HP loss per second",获取道具时无视每秒扣血效果
EFFECT_APPLY_ITEM_REVERSAL_HP_START_WAVE,"When acquiring an item, effects that reduce HP at the start of a wave increase it instead",获取道具时将从波次开始减少血量的效果改为从波次开始增加血量
EFFECT_APPLY_ITEM_NOT_NO_HEAL,"When acquiring an item, ignore effects that disable healing",获取道具时无视无法治疗效果
EFFECT_NOT_MOVING_EXPLOSION_TO_CLEAN_UP_ROOM,"When standing still for more than {4} seconds, explode dealing {1} ({2}) damage and instantly clear the current wave",当你站立不动超过{4}秒时将会爆炸造成 {1}（{2}）伤害，爆炸后会直接通过当前波次
EFFECT_CAN_ONE_NOT_MOVING_EXPLOSION,"Die instantly if the explosion fails to kill any Boss on the field",爆炸后若无法杀死场上的 Boss 将直接死亡
EFFECT_NO_PET,"You cannot summon pets",你无法召唤宠物
EFFECT_ALL_WAVE_ELITES_SPAWN,"+1 extra Boss spawns in all waves",所有波次额外生成一个 Boss
EFFECT_BOSS_DIED_RESPAWN,"When a Boss dies, it respawns with {1} increased all stats",Boss 死亡后将重生并且各向属性强化 {1}
EFFECT_ITEM_BOUGHT_SPAWN_BOSS,"Buying {0} adds a {1} (+{2} per {0}) chance to spawn +1 extra Boss in the next wave",购买{0}后下场敌袭{1}（+{2} {0}数量）概率额外生成一个 Boss
EFFECT_APPLY_NOT_EXTRA_ENEMIES,"When acquiring an item, ignore effects that spawn special enemies in the next wave",获取道具时无视下场敌袭出现特殊怪效果
EFFECT_KILLED_ALL_BOSS_WAVE_END,"Killing all Bosses in the wave instantly clears the current wave",杀死波次所有 Boss 时将直接通过当前波次
EFFECT_ADD_XP_GOLD_FROM_WAVE_TIME,"Clearing a wave grants Materials and XP based on remaining seconds: {0} ({1}) per second",通过波次时按剩余秒数获取材料与经验，每秒获取{0}（{1}）
EFFECT_WEAPON_KILLED_LOOT,"Grants a Crate every {0} kills (+{1} kills required per wave, up to {2} kills)",每击杀{0}敌人获取一个箱子，每波增加{1}所需击杀数（上限{2}击杀数）
LOOT_BOX,"Crates Acquired: {0}",获取到的箱子：{0}
EFFECT_AUTO_OPEN_BOX,,你将自动获取箱子中的道具
EFFECT_CHANCE_APPLY_ITEM_NOT_ADD_ALL_DEBUFF_FROM_BOX,,从箱子获取道具时有{0}概率无视道具所有负面效果
EFFECT_PICKED_UP_CONSUMABLE_ADD_SIZE,,当捡起消耗品时你的角色与武器将放大{0}，直至敌袭结束
EFFECT_BOX_STAT,"{0}{1} when picking up a crate",捡起一个箱子时{0}{1}